{
  "resource_pack_name": "vanilla",
  "texture_name": "atlas.terrain",
  "padding": 8,
  "num_mip_levels": 0,
  "texture_data": {
    "foreverfreo_textures_calcite_up": {
      "textures": [
        "textures/blocks/calcite"
      ]
    },
    "foreverfreo_textures_calcite_down": {
      "textures": [
        "textures/blocks/calcite"
      ]
    },
    "foreverfreo_textures_calcite_south": {
      "textures": [
        "textures/blocks/calcite"
      ]
    },
    "foreverfreo_textures_calcite_north": {
      "textures": [
        "textures/blocks/calcite"
      ]
    },
    "foreverfreo_textures_calcite_west": {
      "textures": [
        "textures/blocks/calcite"
      ]
    },
    "foreverfreo_textures_calcite_east": {
      "textures": [
        "textures/blocks/calcite"
      ]
    },
    "foreverfreo_textures_tuff_up": {
      "textures": [
        "textures/blocks/tuff"
      ]
    },
    "foreverfreo_textures_tuff_down": {
      "textures": [
        "textures/blocks/tuff"
      ]
    },
    "foreverfreo_textures_tuff_south": {
      "textures": [
        "textures/blocks/tuff"
      ]
    },
    "foreverfreo_textures_tuff_north": {
      "textures": [
        "textures/blocks/tuff"
      ]
    },
    "foreverfreo_textures_tuff_west": {
      "textures": [
        "textures/blocks/tuff"
      ]
    },
    "foreverfreo_textures_tuff_east": {
      "textures": [
        "textures/blocks/tuff"
      ]
    },
    "foreverfreo_textures_crimson_nylium_up": {
      "textures": [
        "textures/blocks/crimson_nylium"
      ]
    },
    "foreverfreo_textures_crimson_nylium_down": {
      "textures": [
        "textures/blocks/netherack"
      ]
    },
    "foreverfreo_textures_crimson_nylium_south": {
      "textures": [
        "textures/blocks/crimson_nylium_side"
      ]
    },
    "foreverfreo_textures_crimson_nylium_north": {
      "textures": [
        "textures/blocks/crimson_nylium_side"
      ]
    },
    "foreverfreo_textures_crimson_nylium_west": {
      "textures": [
        "textures/blocks/crimson_nylium_side"
      ]
    },
    "foreverfreo_textures_crimson_nylium_east": {
      "textures": [
        "textures/blocks/crimson_nylium_side"
      ]
    },
    "foreverfreo_textures_warped_nylium_up": {
      "textures": [
        "textures/blocks/warped_nylium"
      ]
    },
    "foreverfreo_textures_warped_nylium_down": {
      "textures": [
        "textures/blocks/netherack"
      ]
    },
    "foreverfreo_textures_warped_nylium_south": {
      "textures": [
        "textures/blocks/warped_nylium_side"
      ]
    },
    "foreverfreo_textures_warped_nylium_north": {
      "textures": [
        "textures/blocks/warped_nylium_side"
      ]
    },
    "foreverfreo_textures_warped_nylium_west": {
      "textures": [
        "textures/blocks/warped_nylium_side"
      ]
    },
    "foreverfreo_textures_warped_nylium_east": {
      "textures": [
        "textures/blocks/warped_nylium_side"
      ]
    },
    "foreverfreo_textures_crimson_planks_up": {
      "textures": [
        "textures/blocks/crimson_planks"
      ]
    },
    "foreverfreo_textures_crimson_planks_down": {
      "textures": [
        "textures/blocks/crimson_planks"
      ]
    },
    "foreverfreo_textures_crimson_planks_south": {
      "textures": [
        "textures/blocks/crimson_planks"
      ]
    },
    "foreverfreo_textures_crimson_planks_north": {
      "textures": [
        "textures/blocks/crimson_planks"
      ]
    },
    "foreverfreo_textures_crimson_planks_west": {
      "textures": [
        "textures/blocks/crimson_planks"
      ]
    },
    "foreverfreo_textures_crimson_planks_east": {
      "textures": [
        "textures/blocks/crimson_planks"
      ]
    },
    "foreverfreo_textures_warped_planks_up": {
      "textures": [
        "textures/blocks/warped_planks"
      ]
    },
    "foreverfreo_textures_warped_planks_down": {
      "textures": [
        "textures/blocks/warped_planks"
      ]
    },
    "foreverfreo_textures_warped_planks_south": {
      "textures": [
        "textures/blocks/warped_planks"
      ]
    },
    "foreverfreo_textures_warped_planks_north": {
      "textures": [
        "textures/blocks/warped_planks"
      ]
    },
    "foreverfreo_textures_warped_planks_west": {
      "textures": [
        "textures/blocks/warped_planks"
      ]
    },
    "foreverfreo_textures_warped_planks_east": {
      "textures": [
        "textures/blocks/warped_planks"
      ]
    },
    "foreverfreo_textures_copper_ore_up": {
      "textures": [
        "textures/blocks/copper_ore"
      ]
    },
    "foreverfreo_textures_copper_ore_down": {
      "textures": [
        "textures/blocks/copper_ore"
      ]
    },
    "foreverfreo_textures_copper_ore_south": {
      "textures": [
        "textures/blocks/copper_ore"
      ]
    },
    "foreverfreo_textures_copper_ore_north": {
      "textures": [
        "textures/blocks/copper_ore"
      ]
    },
    "foreverfreo_textures_copper_ore_west": {
      "textures": [
        "textures/blocks/copper_ore"
      ]
    },
    "foreverfreo_textures_copper_ore_east": {
      "textures": [
        "textures/blocks/copper_ore"
      ]
    },
    "foreverfreo_textures_nether_gold_ore_up": {
      "textures": [
        "textures/blocks/nether_gold_ore"
      ]
    },
    "foreverfreo_textures_nether_gold_ore_down": {
      "textures": [
        "textures/blocks/nether_gold_ore"
      ]
    },
    "foreverfreo_textures_nether_gold_ore_south": {
      "textures": [
        "textures/blocks/nether_gold_ore"
      ]
    },
    "foreverfreo_textures_nether_gold_ore_north": {
      "textures": [
        "textures/blocks/nether_gold_ore"
      ]
    },
    "foreverfreo_textures_nether_gold_ore_west": {
      "textures": [
        "textures/blocks/nether_gold_ore"
      ]
    },
    "foreverfreo_textures_nether_gold_ore_east": {
      "textures": [
        "textures/blocks/nether_gold_ore"
      ]
    },
    "foreverfreo_textures_crimson_wood_up": {
      "textures": [
        "textures/blocks/crimson_wood"
      ]
    },
    "foreverfreo_textures_crimson_wood_down": {
      "textures": [
        "textures/blocks/crimson_wood"
      ]
    },
    "foreverfreo_textures_crimson_wood_south": {
      "textures": [
        "textures/blocks/crimson_wood"
      ]
    },
    "foreverfreo_textures_crimson_wood_north": {
      "textures": [
        "textures/blocks/crimson_wood"
      ]
    },
    "foreverfreo_textures_crimson_wood_west": {
      "textures": [
        "textures/blocks/crimson_wood"
      ]
    },
    "foreverfreo_textures_crimson_wood_east": {
      "textures": [
        "textures/blocks/crimson_wood"
      ]
    },
    "foreverfreo_textures_warped_hyphae_up": {
      "textures": [
        "textures/blocks/warped_hyphae"
      ]
    },
    "foreverfreo_textures_warped_hyphae_down": {
      "textures": [
        "textures/blocks/warped_hyphae"
      ]
    },
    "foreverfreo_textures_warped_hyphae_south": {
      "textures": [
        "textures/blocks/warped_hyphae"
      ]
    },
    "foreverfreo_textures_warped_hyphae_north": {
      "textures": [
        "textures/blocks/warped_hyphae"
      ]
    },
    "foreverfreo_textures_warped_hyphae_west": {
      "textures": [
        "textures/blocks/warped_hyphae"
      ]
    },
    "foreverfreo_textures_warped_hyphae_east": {
      "textures": [
        "textures/blocks/warped_hyphae"
      ]
    },
    "foreverfreo_textures_soul_soil_up": {
      "textures": [
        "textures/blocks/soul_soil"
      ]
    },
    "foreverfreo_textures_soul_soil_down": {
      "textures": [
        "textures/blocks/soul_soil"
      ]
    },
    "foreverfreo_textures_soul_soil_south": {
      "textures": [
        "textures/blocks/soul_soil"
      ]
    },
    "foreverfreo_textures_soul_soil_north": {
      "textures": [
        "textures/blocks/soul_soil"
      ]
    },
    "foreverfreo_textures_soul_soil_west": {
      "textures": [
        "textures/blocks/soul_soil"
      ]
    },
    "foreverfreo_textures_soul_soil_east": {
      "textures": [
        "textures/blocks/soul_soil"
      ]
    },
    "foreverfreo_textures_shroomlight_up": {
      "textures": [
        "textures/blocks/shroomlight"
      ]
    },
    "foreverfreo_textures_shroomlight_down": {
      "textures": [
        "textures/blocks/shroomlight"
      ]
    },
    "foreverfreo_textures_shroomlight_south": {
      "textures": [
        "textures/blocks/shroomlight"
      ]
    },
    "foreverfreo_textures_shroomlight_north": {
      "textures": [
        "textures/blocks/shroomlight"
      ]
    },
    "foreverfreo_textures_shroomlight_west": {
      "textures": [
        "textures/blocks/shroomlight"
      ]
    },
    "foreverfreo_textures_shroomlight_east": {
      "textures": [
        "textures/blocks/shroomlight"
      ]
    }
  }
}