{
  "format_version": "1.14",
  "minecraft:block": {
    "description": {
      "identifier": "foreverfreo_textures:target",
      "register_to_creative_menu": true,
      "is_experimental": false
    },
    "components": {
      "minecraft:destroy_time": {
        "value": 1
      },
      "minecraft:explosion_resistance": {
        "value": 10
      },
      "minecraft:friction": {
        "value": 0.6
      },
      "minecraft:block_light_emission": {
        "emission": 0
      },
      "minecraft:flammable": {
        "flame_odds": 0,
        "burn_odds": 0
      }
    }
  }
}