{
  "format_version": [
    1,
    1,
    0
  ],
  "foreverfreo_textures:calcite": {
    "textures": {
      "up": "foreverfreo_textures_calcite_up",
      "down": "foreverfreo_textures_calcite_down",
      "south": "foreverfreo_textures_calcite_south",
      "north": "foreverfreo_textures_calcite_north",
      "west": "foreverfreo_textures_calcite_west",
      "east": "foreverfreo_textures_calcite_east"
    },
    "sound": "stone"
  },
  "foreverfreo_textures:tuff": {
    "textures": {
      "up": "foreverfreo_textures_tuff_up",
      "down": "foreverfreo_textures_tuff_down",
      "south": "foreverfreo_textures_tuff_south",
      "north": "foreverfreo_textures_tuff_north",
      "west": "foreverfreo_textures_tuff_west",
      "east": "foreverfreo_textures_tuff_east"
    },
    "sound": "stone"
  },
  "foreverfreo_textures:crimson_nylium": {
    "textures": {
      "up": "foreverfreo_textures_crimson_nylium_up",
      "down": "foreverfreo_textures_crimson_nylium_down",
      "south": "foreverfreo_textures_crimson_nylium_south",
      "north": "foreverfreo_textures_crimson_nylium_north",
      "west": "foreverfreo_textures_crimson_nylium_west",
      "east": "foreverfreo_textures_crimson_nylium_east"
    },
    "sound": "gravel"
  },
  "foreverfreo_textures:warped_nylium": {
    "textures": {
      "up": "foreverfreo_textures_warped_nylium_up",
      "down": "foreverfreo_textures_warped_nylium_down",
      "south": "foreverfreo_textures_warped_nylium_south",
      "north": "foreverfreo_textures_warped_nylium_north",
      "west": "foreverfreo_textures_warped_nylium_west",
      "east": "foreverfreo_textures_warped_nylium_east"
    },
    "sound": "gravel"
  },
  "foreverfreo_textures:crimson_planks": {
    "textures": {
      "up": "foreverfreo_textures_crimson_planks_up",
      "down": "foreverfreo_textures_crimson_planks_down",
      "south": "foreverfreo_textures_crimson_planks_south",
      "north": "foreverfreo_textures_crimson_planks_north",
      "west": "foreverfreo_textures_crimson_planks_west",
      "east": "foreverfreo_textures_crimson_planks_east"
    },
    "sound": "wood"
  },
  "foreverfreo_textures:warped_planks": {
    "textures": {
      "up": "foreverfreo_textures_warped_planks_up",
      "down": "foreverfreo_textures_warped_planks_down",
      "south": "foreverfreo_textures_warped_planks_south",
      "north": "foreverfreo_textures_warped_planks_north",
      "west": "foreverfreo_textures_warped_planks_west",
      "east": "foreverfreo_textures_warped_planks_east"
    },
    "sound": "wood"
  },
  "foreverfreo_textures:copper_ore": {
    "textures": {
      "up": "foreverfreo_textures_copper_ore_up",
      "down": "foreverfreo_textures_copper_ore_down",
      "south": "foreverfreo_textures_copper_ore_south",
      "north": "foreverfreo_textures_copper_ore_north",
      "west": "foreverfreo_textures_copper_ore_west",
      "east": "foreverfreo_textures_copper_ore_east"
    },
    "sound": "stone"
  },
  "foreverfreo_textures:nether_gold_ore": {
    "textures": {
      "up": "foreverfreo_textures_nether_gold_ore_up",
      "down": "foreverfreo_textures_nether_gold_ore_down",
      "south": "foreverfreo_textures_nether_gold_ore_south",
      "north": "foreverfreo_textures_nether_gold_ore_north",
      "west": "foreverfreo_textures_nether_gold_ore_west",
      "east": "foreverfreo_textures_nether_gold_ore_east"
    },
    "sound": "stone"
  },
  "foreverfreo_textures:crimson_wood": {
    "textures": {
      "up": "foreverfreo_textures_crimson_wood_up",
      "down": "foreverfreo_textures_crimson_wood_down",
      "south": "foreverfreo_textures_crimson_wood_south",
      "north": "foreverfreo_textures_crimson_wood_north",
      "west": "foreverfreo_textures_crimson_wood_west",
      "east": "foreverfreo_textures_crimson_wood_east"
    },
    "sound": "wood"
  },
  "foreverfreo_textures:warped_hyphae": {
    "textures": {
      "up": "foreverfreo_textures_warped_hyphae_up",
      "down": "foreverfreo_textures_warped_hyphae_down",
      "south": "foreverfreo_textures_warped_hyphae_south",
      "north": "foreverfreo_textures_warped_hyphae_north",
      "west": "foreverfreo_textures_warped_hyphae_west",
      "east": "foreverfreo_textures_warped_hyphae_east"
    },
    "sound": "wood"
  },
  "foreverfreo_textures:soul_soil": {
    "textures": {
      "up": "foreverfreo_textures_soul_soil_up",
      "down": "foreverfreo_textures_soul_soil_down",
      "south": "foreverfreo_textures_soul_soil_south",
      "north": "foreverfreo_textures_soul_soil_north",
      "west": "foreverfreo_textures_soul_soil_west",
      "east": "foreverfreo_textures_soul_soil_east"
    },
    "sound": "gravel"
  },
  "foreverfreo_textures:shroomlight": {
    "textures": {
      "up": "foreverfreo_textures_shroomlight_up",
      "down": "foreverfreo_textures_shroomlight_down",
      "south": "foreverfreo_textures_shroomlight_south",
      "north": "foreverfreo_textures_shroomlight_north",
      "west": "foreverfreo_textures_shroomlight_west",
      "east": "foreverfreo_textures_shroomlight_east"
    },
    "sound": "wood"
  }
}